date,rank,handle,current_followers,comparison_followers,follower_change_30d_plus,growth_percent_30d_plus,comparison_date,comparison_days,comparison_source,current_total_posts,posts_since_previous_snapshot,previous_post_snapshot_date,ahead_of_nba,ahead_of_target
2026-10-05,1,ifbbproleagueoz,58237,56838,1399,2.46,2026-08-31,35,instagram_snapshot,8186,0,2026-09-28,yes,yes
2026-10-05,2,nbaaustralia_official,18678,18339,339,1.85,2026-08-31,35,instagram_snapshot,3409,11,2026-09-28,no,no
2026-10-05,3,icnqld,18029,17793,236,1.33,2026-08-31,35,instagram_snapshot,6895,41,2026-09-28,no,no
2026-10-05,4,icn_nsw,16311,16017,294,1.84,2026-08-31,35,instagram_snapshot,7004,76,2026-09-28,no,no
2026-10-05,5,nabbaaustralia,15807,15793,14,0.09,2026-08-31,35,instagram_snapshot,3024,43,2026-09-28,no,no
2026-10-05,6,msfitnessaustralia,15588,15440,148,0.96,2026-08-31,35,instagram_snapshot,3625,14,2026-09-28,no,no
2026-10-05,7,icn_victoria,13195,12801,394,3.08,2026-08-31,35,instagram_snapshot,4491,3,2026-09-28,no,no
2026-10-05,8,pca_australia,11495,11410,85,0.74,2026-08-31,35,instagram_snapshot,2892,26,2026-09-28,no,no
2026-10-05,9,icn_wa,11176,10978,198,1.8,2026-08-31,35,instagram_snapshot,4454,36,2026-09-28,no,no
2026-10-05,10,anb.australia,9832,9717,115,1.18,2026-08-31,35,instagram_snapshot,2792,23,2026-09-28,no,no
2026-10-05,11,wnbfaustralia,7498,7211,287,3.98,2026-08-31,35,instagram_snapshot,922,6,2026-09-28,no,no
2026-10-05,12,icn_sa,6876,6709,167,2.49,2026-08-31,35,instagram_snapshot,3231,101,2026-09-28,no,no
2026-10-05,13,icnnewzealand,6605,6498,107,1.65,2026-08-31,35,instagram_snapshot,1168,28,2026-09-28,no,no
2026-10-05,14,icn_act,4690,4588,102,2.22,2026-08-31,35,instagram_snapshot,1950,27,2026-09-28,no,no
2026-10-05,15,ynf_australia,4590,4629,-39,-0.84,2026-08-31,35,instagram_snapshot,814,,2026-09-28,no,no
2026-10-05,16,cbrfitexpo,2445,2173,272,12.52,2026-08-31,35,instagram_snapshot,363,17,2026-09-28,no,no
2026-10-05,17,icn_tasmania,2270,2276,-6,-0.26,2026-08-31,35,instagram_snapshot,2125,,2026-09-28,no,no
2026-10-05,18,dfba_global,1850,1829,21,1.15,2026-08-31,35,instagram_snapshot,208,0,2026-09-28,no,no
2026-10-05,19,icn.indonesia,1845,1843,2,0.11,2026-08-31,35,instagram_snapshot,176,0,2026-09-28,no,no
2026-10-05,20,icn_nt,1483,1414,69,4.88,2026-08-31,35,instagram_snapshot,341,7,2026-09-28,no,no
2026-10-05,21,msfitnessaustralia_perth,1443,1444,-1,-0.07,2026-08-31,35,instagram_snapshot,1357,0,2026-09-28,no,no
2026-10-05,22,msfitnessaustralia_vic,970,927,43,4.64,2026-08-31,35,instagram_snapshot,727,23,2026-09-28,no,no
